-- Sample Data for G-progress
-- 2025年を基準としたサンプルデータ
-- schema.sqlのテーブル構造に完全準拠

-- 1. 従業員（employees）
-- フィールド: id, email, name, department, role, avatar_url, created_at, updated_at
INSERT INTO employees (id, email, name, department, role, avatar_url, created_at, updated_at) VALUES
('a1b2c3d4-e5f6-7890-abcd-ef1234567890', 'nishino@example.com', '西野秀樹', 'システム開発部', 'executive', 'https://example.com/avatars/nishino.jpg', '2025-01-15 09:00:00+09', '2025-01-15 09:00:00+09'),
('b2c3d4e5-f6a7-8901-bcde-f12345678901', 'tanaka@example.com', '田中太郎', '営業', 'leader', 'https://example.com/avatars/tanaka.jpg', '2025-01-15 09:00:00+09', '2025-01-15 09:00:00+09'),
('c3d4e5f6-a7b8-9012-cdef-123456789012', 'suzuki@example.com', '鈴木一郎', '営業', 'member', 'https://example.com/avatars/suzuki.jpg', '2025-01-15 09:00:00+09', '2025-01-15 09:00:00+09'),
('d4e5f6a7-b8c9-0123-def1-234567890123', 'sato@example.com', '佐藤花子', '意匠設計', 'leader', 'https://example.com/avatars/sato.jpg', '2025-01-15 09:00:00+09', '2025-01-15 09:00:00+09'),
('e5f6a7b8-c9d0-1234-ef12-345678901234', 'yamada@example.com', '山田次郎', '実施設計', 'member', 'https://example.com/avatars/yamada.jpg', '2025-01-15 09:00:00+09', '2025-01-15 09:00:00+09'),
('f6a7b8c9-d0e1-2345-f123-456789012345', 'takahashi@example.com', '高橋健太', '工事', 'leader', 'https://example.com/avatars/takahashi.jpg', '2025-01-15 09:00:00+09', '2025-01-15 09:00:00+09'),
('a7b8c9d0-e1f2-3456-1234-567890123456', 'ito@example.com', '伊藤美咲', '工事', 'member', 'https://example.com/avatars/ito.jpg', '2025-01-15 09:00:00+09', '2025-01-15 09:00:00+09'),
('b8c9d0e1-f2a3-4567-2345-678901234567', 'watanabe@example.com', '渡辺裕子', '営業事務', 'member', 'https://example.com/avatars/watanabe.jpg', '2025-01-15 09:00:00+09', '2025-01-15 09:00:00+09'),
('c9d0e1f2-a3b4-5678-3456-789012345678', 'kobayashi@example.com', '小林大輔', 'ローン事務', 'member', 'https://example.com/avatars/kobayashi.jpg', '2025-01-15 09:00:00+09', '2025-01-15 09:00:00+09'),
('d0e1f2a3-b4c5-6789-4567-890123456789', 'nakamura@example.com', '中村和也', '構造設計', 'member', 'https://example.com/avatars/nakamura.jpg', '2025-01-15 09:00:00+09', '2025-01-15 09:00:00+09');

-- 2. 業者（vendors）
-- フィールド: id, name, category, contact_person, phone, email, address, created_at, updated_at
INSERT INTO vendors (id, name, category, contact_person, phone, email, address, created_at, updated_at) VALUES
('v1a2b3c4-d5e6-7890-abcd-ef1234567890', '株式会社アーキテクト設計事務所', '設計事務所', '設計太郎', '03-1234-5678', 'info@architect-design.com', '東京都渋谷区渋谷1-1-1', '2025-01-10 10:00:00+09', '2025-01-10 10:00:00+09'),
('v2b3c4d5-e6f7-8901-bcde-f12345678901', '山田構造設計事務所', '構造事務所', '山田構造', '03-2345-6789', 'yamada@structure.com', '東京都新宿区新宿2-2-2', '2025-01-10 10:00:00+09', '2025-01-10 10:00:00+09'),
('v3c4d5e6-f7a8-9012-cdef-123456789012', '東京水道工事株式会社', '水道業者', '水道次郎', '03-3456-7890', 'tokyo@suido.com', '東京都世田谷区三軒茶屋3-3-3', '2025-01-10 10:00:00+09', '2025-01-10 10:00:00+09'),
('v4d5e6f7-a8b9-0123-def1-234567890123', '解体プロ株式会社', '解体業者', '解体一郎', '03-4567-8901', 'kaitai@pro.com', '東京都品川区大井4-4-4', '2025-01-10 10:00:00+09', '2025-01-10 10:00:00+09'),
('v5e6f7a8-b9c0-1234-ef12-345678901234', '司法書士法人リーガル', '司法書士', '法務花子', '03-5678-9012', 'legal@shiho.com', '東京都港区六本木5-5-5', '2025-01-10 10:00:00+09', '2025-01-10 10:00:00+09'),
('v6f7a8b9-c0d1-2345-f123-456789012345', '土地家屋調査士事務所ランド', '土地家屋調査士', '測量太郎', '03-6789-0123', 'land@chosa.com', '東京都目黒区中目黒6-6-6', '2025-01-10 10:00:00+09', '2025-01-10 10:00:00+09');

-- 3. 顧客（customers）
-- フィールド: id, names (配列), building_site, phone, email, created_at, updated_at
INSERT INTO customers (id, names, building_site, phone, email, created_at, updated_at) VALUES
('c1a2b3c4-d5e6-7890-abcd-ef1234567890', ARRAY['山本太郎', '山本花子'], '東京都世田谷区成城1-2-3', '090-1111-2222', 'yamamoto@example.com', '2025-02-01 10:00:00+09', '2025-02-01 10:00:00+09'),
('c2b3c4d5-e6f7-8901-bcde-f12345678901', ARRAY['佐々木健一', '佐々木美咲'], '神奈川県横浜市青葉区美しが丘2-3-4', '090-2222-3333', 'sasaki@example.com', '2025-02-15 11:00:00+09', '2025-02-15 11:00:00+09'),
('c3c4d5e6-f7a8-9012-cdef-123456789012', ARRAY['林一郎'], '東京都杉並区高円寺北3-4-5', '090-3333-4444', 'hayashi@example.com', '2025-03-01 09:30:00+09', '2025-03-01 09:30:00+09'),
('c4d5e6f7-a8b9-0123-def1-234567890123', ARRAY['木村正樹', '木村由美'], '千葉県浦安市入船4-5-6', '090-4444-5555', 'kimura@example.com', '2025-03-20 14:00:00+09', '2025-03-20 14:00:00+09'),
('c5e6f7a8-b9c0-1234-ef12-345678901234', ARRAY['井上達也', '井上麻美'], '埼玉県さいたま市浦和区高砂5-6-7', '090-5555-6666', 'inoue@example.com', '2025-04-10 13:00:00+09', '2025-04-10 13:00:00+09');

-- 4. 案件（projects）
-- フィールド: id, customer_id, contract_date, construction_start_date, scheduled_end_date, actual_end_date, status, progress_rate, assigned_sales, assigned_design, assigned_construction, created_at, updated_at
INSERT INTO projects (id, customer_id, contract_date, construction_start_date, scheduled_end_date, actual_end_date, status, progress_rate, assigned_sales, assigned_design, assigned_construction, created_at, updated_at) VALUES
('p1a2b3c4-d5e6-7890-abcd-ef1234567890', 'c1a2b3c4-d5e6-7890-abcd-ef1234567890', '2025-03-01', '2025-05-01', '2025-11-30', NULL, 'construction', 65.00, 'b2c3d4e5-f6a7-8901-bcde-f12345678901', 'd4e5f6a7-b8c9-0123-def1-234567890123', 'f6a7b8c9-d0e1-2345-f123-456789012345', '2025-02-01 10:00:00+09', '2025-10-01 10:00:00+09'),
('p2b3c4d5-e6f7-8901-bcde-f12345678901', 'c2b3c4d5-e6f7-8901-bcde-f12345678901', '2025-04-15', '2025-06-01', '2026-01-31', NULL, 'post_contract', 10.00, 'b2c3d4e5-f6a7-8901-bcde-f12345678901', 'e5f6a7b8-c9d0-1234-ef12-345678901234', 'f6a7b8c9-d0e1-2345-f123-456789012345', '2025-02-15 11:00:00+09', '2025-09-01 11:00:00+09'),
('p3c4d5e6-f7a8-9012-cdef-123456789012', 'c3c4d5e6-f7a8-9012-cdef-123456789012', '2025-08-20', NULL, NULL, NULL, 'pre_contract', 0.00, 'c3d4e5f6-a7b8-9012-cdef-123456789012', 'd4e5f6a7-b8c9-0123-def1-234567890123', NULL, '2025-03-01 09:30:00+09', '2025-08-20 09:30:00+09'),
('p4d5e6f7-a8b9-0123-def1-234567890123', 'c4d5e6f7-a8b9-0123-def1-234567890123', '2024-11-01', '2025-01-10', '2025-08-31', '2025-08-20', 'completed', 100.00, 'b2c3d4e5-f6a7-8901-bcde-f12345678901', 'd4e5f6a7-b8c9-0123-def1-234567890123', 'f6a7b8c9-d0e1-2345-f123-456789012345', '2024-10-01 10:00:00+09', '2025-08-20 10:00:00+09'),
('p5e6f7a8-b9c0-1234-ef12-345678901234', 'c5e6f7a8-b9c0-1234-ef12-345678901234', '2025-05-01', '2025-07-01', '2026-02-28', NULL, 'construction', 40.00, 'b2c3d4e5-f6a7-8901-bcde-f12345678901', 'e5f6a7b8-c9d0-1234-ef12-345678901234', 'a7b8c9d0-e1f2-3456-1234-567890123456', '2025-04-10 13:00:00+09', '2025-09-15 13:00:00+09');

-- 5. 入金（payments）
-- フィールド: id, project_id, payment_type, amount, scheduled_date, actual_date, status, created_at, updated_at
INSERT INTO payments (id, project_id, payment_type, amount, scheduled_date, actual_date, status, created_at, updated_at) VALUES
-- 山本邸（工事中）
('pay1a2b3-c4d5-e6f7-8901-234567890123', 'p1a2b3c4-d5e6-7890-abcd-ef1234567890', 'contract', 4500000.00, '2025-03-01', '2025-03-01', 'completed', '2025-03-01 10:00:00+09', '2025-03-01 14:00:00+09'),
('pay2b3c4-d5e6-f7a8-9012-345678901234', 'p1a2b3c4-d5e6-7890-abcd-ef1234567890', 'construction_start', 13500000.00, '2025-05-01', '2025-04-30', 'completed', '2025-04-01 10:00:00+09', '2025-04-30 10:00:00+09'),
('pay3c4d5-e6f7-a8b9-0123-456789012345', 'p1a2b3c4-d5e6-7890-abcd-ef1234567890', 'roof_raising', 13500000.00, '2025-08-01', '2025-08-01', 'completed', '2025-07-01 10:00:00+09', '2025-08-01 10:00:00+09'),
('pay4d5e6-f7a8-b9c0-1234-567890123456', 'p1a2b3c4-d5e6-7890-abcd-ef1234567890', 'final', 13500000.00, '2025-11-30', NULL, 'pending', '2025-08-01 10:00:00+09', '2025-08-01 10:00:00+09'),

-- 佐々木邸（契約後）
('pay5e6f7-a8b9-c0d1-2345-678901234567', 'p2b3c4d5-e6f7-8901-bcde-f12345678901', 'contract', 6500000.00, '2025-04-15', '2025-04-15', 'completed', '2025-04-15 10:00:00+09', '2025-04-15 15:00:00+09'),
('pay6f7a8-b9c0-d1e2-3456-789012345678', 'p2b3c4d5-e6f7-8901-bcde-f12345678901', 'construction_start', 19500000.00, '2025-06-01', NULL, 'pending', '2025-04-15 10:00:00+09', '2025-04-15 10:00:00+09'),
('pay7a8b9-c0d1-e2f3-4567-890123456789', 'p2b3c4d5-e6f7-8901-bcde-f12345678901', 'roof_raising', 19500000.00, '2025-09-01', NULL, 'pending', '2025-04-15 10:00:00+09', '2025-04-15 10:00:00+09'),
('pay8b9c0-d1e2-f3a4-5678-901234567890', 'p2b3c4d5-e6f7-8901-bcde-f12345678901', 'final', 19500000.00, '2026-01-31', NULL, 'pending', '2025-04-15 10:00:00+09', '2025-04-15 10:00:00+09'),

-- 林邸（契約前）
('pay9c0d1-e2f3-a4b5-6789-012345678901', 'p3c4d5e6-f7a8-9012-cdef-123456789012', 'contract', 2800000.00, '2025-09-01', NULL, 'pending', '2025-08-20 10:00:00+09', '2025-08-20 10:00:00+09'),
('pay0d1e2-f3a4-b5c6-7890-123456789012', 'p3c4d5e6-f7a8-9012-cdef-123456789012', 'construction_start', 8400000.00, '2025-10-15', NULL, 'pending', '2025-08-20 10:00:00+09', '2025-08-20 10:00:00+09'),
('pay1e2f3-a4b5-c6d7-8901-234567890123', 'p3c4d5e6-f7a8-9012-cdef-123456789012', 'roof_raising', 8400000.00, '2026-01-15', NULL, 'pending', '2025-08-20 10:00:00+09', '2025-08-20 10:00:00+09'),
('pay2f3a4-b5c6-d7e8-9012-345678901234', 'p3c4d5e6-f7a8-9012-cdef-123456789012', 'final', 8400000.00, '2026-04-30', NULL, 'pending', '2025-08-20 10:00:00+09', '2025-08-20 10:00:00+09'),

-- 木村邸（完了）
('pay3a4b5-c6d7-e8f9-0123-456789012345', 'p4d5e6f7-a8b9-0123-def1-234567890123', 'contract', 4200000.00, '2024-11-01', '2024-11-01', 'completed', '2024-11-01 10:00:00+09', '2024-11-01 14:00:00+09'),
('pay4b5c6-d7e8-f9a0-1234-567890123456', 'p4d5e6f7-a8b9-0123-def1-234567890123', 'construction_start', 12600000.00, '2025-01-10', '2025-01-10', 'completed', '2024-12-01 10:00:00+09', '2025-01-10 10:00:00+09'),
('pay5c6d7-e8f9-a0b1-2345-678901234567', 'p4d5e6f7-a8b9-0123-def1-234567890123', 'roof_raising', 12600000.00, '2025-04-10', '2025-04-10', 'completed', '2025-03-01 10:00:00+09', '2025-04-10 10:00:00+09'),
('pay6d7e8-f9a0-b1c2-3456-789012345678', 'p4d5e6f7-a8b9-0123-def1-234567890123', 'final', 12600000.00, '2025-08-31', '2025-08-20', 'completed', '2025-07-01 10:00:00+09', '2025-08-20 10:00:00+09'),

-- 井上邸（工事中）
('pay7e8f9-a0b1-c2d3-4567-890123456789', 'p5e6f7a8-b9c0-1234-ef12-345678901234', 'contract', 3800000.00, '2025-05-01', '2025-05-01', 'completed', '2025-05-01 10:00:00+09', '2025-05-01 14:00:00+09'),
('pay8f9a0-b1c2-d3e4-5678-901234567890', 'p5e6f7a8-b9c0-1234-ef12-345678901234', 'construction_start', 11400000.00, '2025-07-01', '2025-07-01', 'completed', '2025-06-01 10:00:00+09', '2025-07-01 10:00:00+09'),
('pay9a0b1-c2d3-e4f5-6789-012345678901', 'p5e6f7a8-b9c0-1234-ef12-345678901234', 'roof_raising', 11400000.00, '2025-10-01', NULL, 'pending', '2025-07-01 10:00:00+09', '2025-07-01 10:00:00+09'),
('pay0b1c2-d3e4-f5a6-7890-123456789012', 'p5e6f7a8-b9c0-1234-ef12-345678901234', 'final', 11400000.00, '2026-02-28', NULL, 'pending', '2025-07-01 10:00:00+09', '2025-07-01 10:00:00+09');

-- 6. タスク（tasks）
-- フィールド: id, project_id, title, description, assigned_to, due_date, status, priority, created_at, updated_at
INSERT INTO tasks (id, project_id, title, description, assigned_to, due_date, status, priority, created_at, updated_at) VALUES
-- 山本邸のタスク
('t1a2b3c4-d5e6-7890-abcd-ef1234567890', 'p1a2b3c4-d5e6-7890-abcd-ef1234567890', '基礎工事', '基礎工事の実施（配筋・コンクリート打設）', 'f6a7b8c9-d0e1-2345-f123-456789012345', '2025-05-31', 'completed', 'high', '2025-04-01 10:00:00+09', '2025-05-28 10:00:00+09'),
('t2b3c4d5-e6f7-8901-bcde-f12345678901', 'p1a2b3c4-d5e6-7890-abcd-ef1234567890', '上棟工事', '建方・上棟作業', 'f6a7b8c9-d0e1-2345-f123-456789012345', '2025-08-15', 'completed', 'high', '2025-06-01 10:00:00+09', '2025-08-10 10:00:00+09'),
('t3c4d5e6-f7a8-9012-cdef-123456789012', 'p1a2b3c4-d5e6-7890-abcd-ef1234567890', '内装仕上げ工事', '内装仕上げ・設備取付', 'a7b8c9d0-e1f2-3456-1234-567890123456', '2025-11-15', 'requested', 'medium', '2025-08-01 10:00:00+09', '2025-10-01 10:00:00+09'),

-- 佐々木邸のタスク
('t4d5e6f7-a8b9-0123-def1-234567890123', 'p2b3c4d5-e6f7-8901-bcde-f12345678901', '地盤調査', '地盤調査実施と報告書作成', 'd4e5f6a7-b8c9-0123-def1-234567890123', '2025-05-10', 'not_started', 'high', '2025-04-15 10:00:00+09', '2025-04-15 10:00:00+09'),
('t5e6f7a8-b9c0-1234-ef12-345678901234', 'p2b3c4d5-e6f7-8901-bcde-f12345678901', '実施設計', '実施設計図面の作成', 'e5f6a7b8-c9d0-1234-ef12-345678901234', '2025-05-20', 'requested', 'high', '2025-04-15 10:00:00+09', '2025-09-01 10:00:00+09'),
('t6f7a8b9-c0d1-2345-f123-456789012345', 'p2b3c4d5-e6f7-8901-bcde-f12345678901', '構造設計', '構造設計と構造計算書作成', 'd0e1f2a3-b4c5-6789-4567-890123456789', '2025-05-25', 'requested', 'high', '2025-04-15 10:00:00+09', '2025-09-01 10:00:00+09'),

-- 林邸のタスク
('t7a8b9c0-d1e2-3456-1234-567890123456', 'p3c4d5e6-f7a8-9012-cdef-123456789012', '基本設計', '基本プランの作成と提案', 'd4e5f6a7-b8c9-0123-def1-234567890123', '2025-09-15', 'not_started', 'medium', '2025-07-15 10:00:00+09', '2025-07-15 10:00:00+09'),
('t8b9c0d1-e2f3-4567-2345-678901234567', 'p3c4d5e6-f7a8-9012-cdef-123456789012', '見積作成', '工事見積書の作成', 'c3d4e5f6-a7b8-9012-cdef-123456789012', '2025-09-20', 'not_started', 'medium', '2025-07-15 10:00:00+09', '2025-07-15 10:00:00+09'),
('t9c0d1e2-f3a4-5678-3456-789012345678', 'p3c4d5e6-f7a8-9012-cdef-123456789012', '融資相談', '住宅ローンの相談と審査手続き', 'c9d0e1f2-a3b4-5678-3456-789012345678', '2025-09-30', 'not_started', 'low', '2025-07-15 10:00:00+09', '2025-07-15 10:00:00+09'),

-- 木村邸のタスク（完了）
('t0d1e2f3-a4b5-6789-4567-890123456789', 'p4d5e6f7-a8b9-0123-def1-234567890123', '基礎工事', '基礎工事の実施', 'f6a7b8c9-d0e1-2345-f123-456789012345', '2025-02-10', 'completed', 'high', '2024-12-01 10:00:00+09', '2025-02-08 10:00:00+09'),
('t1e2f3a4-b5c6-7890-5678-901234567890', 'p4d5e6f7-a8b9-0123-def1-234567890123', '上棟工事', '建方・上棟作業', 'f6a7b8c9-d0e1-2345-f123-456789012345', '2025-04-20', 'completed', 'high', '2025-02-01 10:00:00+09', '2025-04-18 10:00:00+09'),
('t2f3a4b5-c6d7-8901-6789-012345678901', 'p4d5e6f7-a8b9-0123-def1-234567890123', '完工検査', '完了検査の実施と引き渡し', 'b2c3d4e5-f6a7-8901-bcde-f12345678901', '2025-08-25', 'completed', 'high', '2025-08-01 10:00:00+09', '2025-08-22 10:00:00+09'),

-- 井上邸のタスク
('t3a4b5c6-d7e8-9012-7890-123456789012', 'p5e6f7a8-b9c0-1234-ef12-345678901234', '基礎工事', '基礎工事の実施', 'f6a7b8c9-d0e1-2345-f123-456789012345', '2025-07-31', 'completed', 'high', '2025-06-01 10:00:00+09', '2025-07-28 10:00:00+09'),
('t4b5c6d7-e8f9-0123-8901-234567890123', 'p5e6f7a8-b9c0-1234-ef12-345678901234', '上棟工事', '建方・上棟作業', 'f6a7b8c9-d0e1-2345-f123-456789012345', '2025-10-20', 'not_started', 'high', '2025-07-28 10:00:00+09', '2025-07-28 10:00:00+09'),
('t5c6d7e8-f9a0-1234-9012-345678901234', 'p5e6f7a8-b9c0-1234-ef12-345678901234', '水道引込工事', '上下水道の引込工事', 'a7b8c9d0-e1f2-3456-1234-567890123456', '2025-08-15', 'requested', 'medium', '2025-07-28 10:00:00+09', '2025-09-01 10:00:00+09');

-- 7. 通知（notifications）
-- フィールド: id, user_id, title, message, type, related_project_id, related_task_id, read, created_at
INSERT INTO notifications (id, user_id, title, message, type, related_project_id, related_task_id, read, created_at) VALUES
('n1a2b3c4-d5e6-7890-abcd-ef1234567890', 'a7b8c9d0-e1f2-3456-1234-567890123456', 'タスク割当通知', '「山本邸新築工事 - 内装仕上げ工事」があなたに割り当てられました', 'task_assigned', 'p1a2b3c4-d5e6-7890-abcd-ef1234567890', 't3c4d5e6-f7a8-9012-cdef-123456789012', false, '2025-09-01 09:00:00+09'),
('n2b3c4d5-e6f7-8901-bcde-f12345678901', 'b2c3d4e5-f6a7-8901-bcde-f12345678901', '入金期限通知', '山本邸新築工事の最終金（予定日: 2025-11-30）の入金予定日が近づいています', 'payment_overdue', 'p1a2b3c4-d5e6-7890-abcd-ef1234567890', NULL, false, '2025-10-01 08:00:00+09'),
('n3c4d5e6-f7a8-9012-cdef-123456789012', 'f6a7b8c9-d0e1-2345-f123-456789012345', 'プロジェクト遅延', '井上邸新築工事の上棟工事の開始予定日が近づいています', 'delay', 'p5e6f7a8-b9c0-1234-ef12-345678901234', 't4b5c6d7-e8f9-0123-8901-234567890123', true, '2025-09-10 08:00:00+09');

-- 8. 監査ログ（audit_logs）
-- フィールド: id, user_id, action, table_name, record_id, changes, ip_address, created_at
INSERT INTO audit_logs (id, user_id, action, table_name, record_id, changes, ip_address, created_at) VALUES
('a1b2c3d4-e5f6-7890-abcd-ef1234567890', 'f6a7b8c9-d0e1-2345-f123-456789012345', 'update', 'projects', 'p1a2b3c4-d5e6-7890-abcd-ef1234567890', '{"status": {"old": "post_contract", "new": "construction"}, "progress_rate": {"old": 0.00, "new": 10.00}}', '192.168.1.100', '2025-05-01 09:00:00+09'),
('b2c3d4e5-f6a7-8901-bcde-f12345678901', 'f6a7b8c9-d0e1-2345-f123-456789012345', 'update', 'tasks', 't1a2b3c4-d5e6-7890-abcd-ef1234567890', '{"status": {"old": "requested", "new": "completed"}}', '192.168.1.100', '2025-05-28 16:00:00+09'),
('c3d4e5f6-a7b8-9012-cdef-123456789012', 'b8c9d0e1-f2a3-4567-2345-678901234567', 'update', 'payments', 'pay3c4d5-e6f7-a8b9-0123-456789012345', '{"status": {"old": "pending", "new": "completed"}, "actual_date": {"old": null, "new": "2025-08-01"}}', '192.168.1.105', '2025-08-01 14:00:00+09');
